iteration,train_loss,tran_acc
0,4.126717841625213,0.13338411582960588
0,3.674430639743805,0.17143429056932807
0,3.457689700126648,0.18245491345236992
0,3.313967924118042,0.1897978349156121
0,3.2106066699028015,0.19481692477331303
0,3.1393999048074086,0.1993749797257072
0,3.076291158539908,0.2043058734919281
0,3.0354698312282564,0.20736953680837117
0,3.0050397700733606,0.20885231077250507
0,2.968146854162216,0.21233500357522464
