iteration,train_loss,tran_acc
0,4.937021746635437,0.01758431217959051
