iteration,train_loss,tran_acc
0,3.194034070968628,0.3267438153828763
0,2.7318511033058166,0.3720575585728797
0,2.5050470101833344,0.3892763401875251
