iteration,train_loss,tran_acc
0,3.595226171016693,0.1690545157261828
0,3.6007812881469725,0.16664155929582247
0,3.5880646006266277,0.16684948963137824
0,3.5729065877199173,0.16814582545888146
0,3.5620076761245727,0.16931556316526078
